{
  "lora_path": "results/grpo_ft_1000steps/lora_final.pt",
  "num_images": 10,
  "aggregate": {
    "psnr": {
      "baseline_mean": 26.48175678253174,
      "baseline_std": 1.9366165012644676,
      "lora_mean": 9.116186475753784,
      "lora_std": 0.9059911870717622,
      "delta_mean": -17.365570306777954,
      "delta_std": 2.011056878019485,
      "delta_min": -19.686264991760254,
      "delta_max": -12.966239929199219
    },
    "ssim": {
      "baseline_mean": 0.685957083106041,
      "baseline_std": 0.14328505255475218,
      "lora_mean": 0.2074560597538948,
      "lora_std": 0.09352136336735571,
      "delta_mean": -0.47850102335214617,
      "delta_std": 0.17962036809001755,
      "delta_min": -0.7284952253103256,
      "delta_max": -0.035927802324295044
    },
    "lpips": {
      "baseline_mean": 0.22124852985143661,
      "baseline_std": 0.07024703734819399,
      "lora_mean": 0.6772211730480194,
      "lora_std": 0.07272486352807139,
      "delta_mean": 0.4559726431965828,
      "delta_std": 0.10780397960031188,
      "delta_min": 0.20541131496429443,
      "delta_max": 0.6071209907531738
    },
    "meas_l2": {
      "baseline_mean": 478.7317657470703,
      "baseline_std": 2.085499117235764,
      "lora_mean": 88196.33046875,
      "lora_std": 18811.936814431334,
      "delta_mean": 87717.59870300294,
      "delta_std": 18812.178182651907,
      "delta_min": 66130.26947021484,
      "delta_max": 126134.15002441406
    }
  },
  "per_image": [
    {
      "image_idx": 0,
      "psnr_baseline": 23.239788055419922,
      "psnr_lora": 10.273548126220703,
      "psnr_delta": -12.966239929199219,
      "ssim_baseline": 0.33675631880760193,
      "ssim_lora": 0.3008285164833069,
      "ssim_delta": -0.035927802324295044,
      "lpips_baseline": 0.37486016750335693,
      "lpips_lora": 0.5802714824676514,
      "lpips_delta": 0.20541131496429443,
      "meas_l2_baseline": 477.41802978515625,
      "meas_l2_lora": 66607.6875,
      "meas_l2_delta": 66130.26947021484
    },
    {
      "image_idx": 1,
      "psnr_baseline": 27.208599090576172,
      "psnr_lora": 9.249368667602539,
      "psnr_delta": -17.959230422973633,
      "ssim_baseline": 0.7199389338493347,
      "ssim_lora": 0.17840594053268433,
      "ssim_delta": -0.5415329933166504,
      "lpips_baseline": 0.15507984161376953,
      "lpips_lora": 0.740928053855896,
      "lpips_delta": 0.5858482122421265,
      "meas_l2_baseline": 478.64813232421875,
      "meas_l2_lora": 86964.7578125,
      "meas_l2_delta": 86486.10968017578
    },
    {
      "image_idx": 2,
      "psnr_baseline": 29.862756729125977,
      "psnr_lora": 10.176491737365723,
      "psnr_delta": -19.686264991760254,
      "ssim_baseline": 0.8209341764450073,
      "ssim_lora": 0.4070470333099365,
      "ssim_delta": -0.4138871431350708,
      "lpips_baseline": 0.16727052628993988,
      "lpips_lora": 0.5671890377998352,
      "lpips_delta": 0.3999185115098953,
      "meas_l2_baseline": 476.13134765625,
      "meas_l2_lora": 70230.1015625,
      "meas_l2_delta": 69753.97021484375
    },
    {
      "image_idx": 3,
      "psnr_baseline": 27.499412536621094,
      "psnr_lora": 9.945575714111328,
      "psnr_delta": -17.553836822509766,
      "ssim_baseline": 0.7787565588951111,
      "ssim_lora": 0.15705345571041107,
      "ssim_delta": -0.6217031031847,
      "lpips_baseline": 0.16632476449012756,
      "lpips_lora": 0.6052343249320984,
      "lpips_delta": 0.4389095604419708,
      "meas_l2_baseline": 478.02813720703125,
      "meas_l2_lora": 69098.203125,
      "meas_l2_delta": 68620.17498779297
    },
    {
      "image_idx": 4,
      "psnr_baseline": 23.26938819885254,
      "psnr_lora": 8.848636627197266,
      "psnr_delta": -14.420751571655273,
      "ssim_baseline": 0.6894412040710449,
      "ssim_lora": 0.16150125861167908,
      "ssim_delta": -0.5279399454593658,
      "lpips_baseline": 0.2312983274459839,
      "lpips_lora": 0.694475531578064,
      "lpips_delta": 0.4631772041320801,
      "meas_l2_baseline": 483.0194396972656,
      "meas_l2_lora": 85744.125,
      "meas_l2_delta": 85261.10556030273
    },
    {
      "image_idx": 5,
      "psnr_baseline": 25.770305633544922,
      "psnr_lora": 7.517569065093994,
      "psnr_delta": -18.252736568450928,
      "ssim_baseline": 0.590445876121521,
      "ssim_lora": 0.11522072553634644,
      "ssim_delta": -0.47522515058517456,
      "lpips_baseline": 0.30962276458740234,
      "lpips_lora": 0.7016241550445557,
      "lpips_delta": 0.3920013904571533,
      "meas_l2_baseline": 478.1624755859375,
      "meas_l2_lora": 126612.3125,
      "meas_l2_delta": 126134.15002441406
    },
    {
      "image_idx": 6,
      "psnr_baseline": 27.275285720825195,
      "psnr_lora": 7.716419219970703,
      "psnr_delta": -19.558866500854492,
      "ssim_baseline": 0.7900772094726562,
      "ssim_lora": 0.06158198416233063,
      "ssim_delta": -0.7284952253103256,
      "lpips_baseline": 0.18948689103126526,
      "lpips_lora": 0.719343364238739,
      "lpips_delta": 0.5298564732074738,
      "meas_l2_baseline": 476.1043701171875,
      "meas_l2_lora": 113971.671875,
      "meas_l2_delta": 113495.56750488281
    },
    {
      "image_idx": 7,
      "psnr_baseline": 26.46495819091797,
      "psnr_lora": 9.034669876098633,
      "psnr_delta": -17.430288314819336,
      "ssim_baseline": 0.7321798801422119,
      "ssim_lora": 0.19624212384223938,
      "ssim_delta": -0.5359377562999725,
      "lpips_baseline": 0.19757568836212158,
      "lpips_lora": 0.8046966791152954,
      "lpips_delta": 0.6071209907531738,
      "meas_l2_baseline": 479.97772216796875,
      "meas_l2_lora": 90533.4765625,
      "meas_l2_delta": 90053.49884033203
    },
    {
      "image_idx": 8,
      "psnr_baseline": 26.179285049438477,
      "psnr_lora": 8.735191345214844,
      "psnr_delta": -17.444093704223633,
      "ssim_baseline": 0.5723733305931091,
      "ssim_lora": 0.23950819671154022,
      "ssim_delta": -0.3328651338815689,
      "lpips_baseline": 0.26400601863861084,
      "lpips_lora": 0.7193278074264526,
      "lpips_delta": 0.4553217887878418,
      "meas_l2_baseline": 478.40673828125,
      "meas_l2_lora": 96668.4296875,
      "meas_l2_delta": 96190.02294921875
    },
    {
      "image_idx": 9,
      "psnr_baseline": 28.047788619995117,
      "psnr_lora": 9.66439437866211,
      "psnr_delta": -18.383394241333008,
      "ssim_baseline": 0.8286673426628113,
      "ssim_lora": 0.2571713626384735,
      "ssim_delta": -0.5714959800243378,
      "lpips_baseline": 0.15696030855178833,
      "lpips_lora": 0.6391212940216064,
      "lpips_delta": 0.4821609854698181,
      "meas_l2_baseline": 481.4212646484375,
      "meas_l2_lora": 75532.5390625,
      "meas_l2_delta": 75051.11779785156
    }
  ]
}