{
    "psnr": {
        "sample": [
            [
                30.395963668823242
            ],
            [
                29.02315330505371
            ],
            [
                30.666728973388672
            ],
            [
                29.349273681640625
            ],
            [
                25.371944427490234
            ],
            [
                29.3783016204834
            ],
            [
                29.55681610107422
            ],
            [
                27.796117782592773
            ],
            [
                29.240097045898438
            ],
            [
                29.543472290039062
            ]
        ],
        "mean": [
            30.395963668823242,
            29.02315330505371,
            30.666728973388672,
            29.349273681640625,
            25.371944427490234,
            29.3783016204834,
            29.55681610107422,
            27.796117782592773,
            29.240097045898438,
            29.543472290039062
        ],
        "std": [
            0.0,
            0.0,
            0.0,
            0.0,
            0.0,
            0.0,
            0.0,
            0.0,
            0.0,
            0.0
        ],
        "max": [
            30.395963668823242,
            29.02315330505371,
            30.666728973388672,
            29.349273681640625,
            25.371944427490234,
            29.3783016204834,
            29.55681610107422,
            27.796117782592773,
            29.240097045898438,
            29.543472290039062
        ],
        "min": [
            30.395963668823242,
            29.02315330505371,
            30.666728973388672,
            29.349273681640625,
            25.371944427490234,
            29.3783016204834,
            29.55681610107422,
            27.796117782592773,
            29.240097045898438,
            29.543472290039062
        ]
    },
    "ssim": {
        "sample": [
            [
                0.7888389825820923
            ],
            [
                0.7511240243911743
            ],
            [
                0.7838467955589294
            ],
            [
                0.789244532585144
            ],
            [
                0.7179901003837585
            ],
            [
                0.7705826759338379
            ],
            [
                0.7978994250297546
            ],
            [
                0.7353054285049438
            ],
            [
                0.7560021877288818
            ],
            [
                0.8152107000350952
            ]
        ],
        "mean": [
            0.7888389825820923,
            0.7511240243911743,
            0.7838467955589294,
            0.789244532585144,
            0.7179901003837585,
            0.7705826759338379,
            0.7978994250297546,
            0.7353054285049438,
            0.7560021877288818,
            0.8152107000350952
        ],
        "std": [
            0.0,
            0.0,
            0.0,
            0.0,
            0.0,
            0.0,
            0.0,
            0.0,
            0.0,
            0.0
        ],
        "max": [
            0.7888389825820923,
            0.7511240243911743,
            0.7838467955589294,
            0.789244532585144,
            0.7179901003837585,
            0.7705826759338379,
            0.7978994250297546,
            0.7353054285049438,
            0.7560021877288818,
            0.8152107000350952
        ],
        "min": [
            0.7888389825820923,
            0.7511240243911743,
            0.7838467955589294,
            0.789244532585144,
            0.7179901003837585,
            0.7705826759338379,
            0.7978994250297546,
            0.7353054285049438,
            0.7560021877288818,
            0.8152107000350952
        ]
    },
    "lpips": {
        "sample": [
            [
                0.14276845753192902
            ],
            [
                0.14544148743152618
            ],
            [
                0.19320929050445557
            ],
            [
                0.173458069562912
            ],
            [
                0.1994054615497589
            ],
            [
                0.22279345989227295
            ],
            [
                0.16930726170539856
            ],
            [
                0.1992320418357849
            ],
            [
                0.18469178676605225
            ],
            [
                0.18736395239830017
            ]
        ],
        "mean": [
            0.14276845753192902,
            0.14544148743152618,
            0.19320929050445557,
            0.173458069562912,
            0.1994054615497589,
            0.22279345989227295,
            0.16930726170539856,
            0.1992320418357849,
            0.18469178676605225,
            0.18736395239830017
        ],
        "std": [
            0.0,
            0.0,
            0.0,
            0.0,
            0.0,
            0.0,
            0.0,
            0.0,
            0.0,
            0.0
        ],
        "max": [
            0.14276845753192902,
            0.14544148743152618,
            0.19320929050445557,
            0.173458069562912,
            0.1994054615497589,
            0.22279345989227295,
            0.16930726170539856,
            0.1992320418357849,
            0.18469178676605225,
            0.18736395239830017
        ],
        "min": [
            0.14276845753192902,
            0.14544148743152618,
            0.19320929050445557,
            0.173458069562912,
            0.1994054615497589,
            0.22279345989227295,
            0.16930726170539856,
            0.1992320418357849,
            0.18469178676605225,
            0.18736395239830017
        ]
    }
}