{
    "psnr": {
        "sample": [
            [
                23.239782333374023
            ],
            [
                28.026714324951172
            ],
            [
                28.860260009765625
            ],
            [
                26.80590057373047
            ],
            [
                23.60917091369629
            ],
            [
                27.829025268554688
            ],
            [
                28.56502342224121
            ],
            [
                26.47894859313965
            ],
            [
                28.086395263671875
            ],
            [
                27.35355567932129
            ]
        ],
        "mean": [
            23.239782333374023,
            28.026714324951172,
            28.860260009765625,
            26.80590057373047,
            23.60917091369629,
            27.829025268554688,
            28.56502342224121,
            26.47894859313965,
            28.086395263671875,
            27.35355567932129
        ],
        "std": [
            0.0,
            0.0,
            0.0,
            0.0,
            0.0,
            0.0,
            0.0,
            0.0,
            0.0,
            0.0
        ],
        "max": [
            23.239782333374023,
            28.026714324951172,
            28.860260009765625,
            26.80590057373047,
            23.60917091369629,
            27.829025268554688,
            28.56502342224121,
            26.47894859313965,
            28.086395263671875,
            27.35355567932129
        ],
        "min": [
            23.239782333374023,
            28.026714324951172,
            28.860260009765625,
            26.80590057373047,
            23.60917091369629,
            27.829025268554688,
            28.56502342224121,
            26.47894859313965,
            28.086395263671875,
            27.35355567932129
        ]
    },
    "ssim": {
        "sample": [
            [
                0.3367560803890228
            ],
            [
                0.7624796628952026
            ],
            [
                0.7263385653495789
            ],
            [
                0.7327523231506348
            ],
            [
                0.6928191184997559
            ],
            [
                0.7930721044540405
            ],
            [
                0.8364948630332947
            ],
            [
                0.7352902293205261
            ],
            [
                0.7800998687744141
            ],
            [
                0.8248723745346069
            ]
        ],
        "mean": [
            0.3367560803890228,
            0.7624796628952026,
            0.7263385653495789,
            0.7327523231506348,
            0.6928191184997559,
            0.7930721044540405,
            0.8364948630332947,
            0.7352902293205261,
            0.7800998687744141,
            0.8248723745346069
        ],
        "std": [
            0.0,
            0.0,
            0.0,
            0.0,
            0.0,
            0.0,
            0.0,
            0.0,
            0.0,
            0.0
        ],
        "max": [
            0.3367560803890228,
            0.7624796628952026,
            0.7263385653495789,
            0.7327523231506348,
            0.6928191184997559,
            0.7930721044540405,
            0.8364948630332947,
            0.7352902293205261,
            0.7800998687744141,
            0.8248723745346069
        ],
        "min": [
            0.3367560803890228,
            0.7624796628952026,
            0.7263385653495789,
            0.7327523231506348,
            0.6928191184997559,
            0.7930721044540405,
            0.8364948630332947,
            0.7352902293205261,
            0.7800998687744141,
            0.8248723745346069
        ]
    },
    "lpips": {
        "sample": [
            [
                0.3748572766780853
            ],
            [
                0.146333247423172
            ],
            [
                0.2297593206167221
            ],
            [
                0.1895960122346878
            ],
            [
                0.22868919372558594
            ],
            [
                0.2030496597290039
            ],
            [
                0.19565632939338684
            ],
            [
                0.18584394454956055
            ],
            [
                0.18134869635105133
            ],
            [
                0.15055438876152039
            ]
        ],
        "mean": [
            0.3748572766780853,
            0.146333247423172,
            0.2297593206167221,
            0.1895960122346878,
            0.22868919372558594,
            0.2030496597290039,
            0.19565632939338684,
            0.18584394454956055,
            0.18134869635105133,
            0.15055438876152039
        ],
        "std": [
            0.0,
            0.0,
            0.0,
            0.0,
            0.0,
            0.0,
            0.0,
            0.0,
            0.0,
            0.0
        ],
        "max": [
            0.3748572766780853,
            0.146333247423172,
            0.2297593206167221,
            0.1895960122346878,
            0.22868919372558594,
            0.2030496597290039,
            0.19565632939338684,
            0.18584394454956055,
            0.18134869635105133,
            0.15055438876152039
        ],
        "min": [
            0.3748572766780853,
            0.146333247423172,
            0.2297593206167221,
            0.1895960122346878,
            0.22868919372558594,
            0.2030496597290039,
            0.19565632939338684,
            0.18584394454956055,
            0.18134869635105133,
            0.15055438876152039
        ]
    }
}