{
  "lora_path": "results/direct_ft_gaussian_blur/lora_final.pt",
  "num_images": 10,
  "aggregate": {
    "psnr": {
      "baseline_mean": 26.48175621032715,
      "baseline_std": 1.9366110612900898,
      "lora_mean": 9.180623292922974,
      "lora_std": 0.9080395582482229,
      "delta_mean": -17.301132917404175,
      "delta_std": 2.010555259975753,
      "delta_min": -19.636211395263672,
      "delta_max": -12.909204483032227
    },
    "ssim": {
      "baseline_mean": 0.6859572976827621,
      "baseline_std": 0.14328460489681868,
      "lora_mean": 0.22077270299196244,
      "lora_std": 0.09359256642095144,
      "delta_mean": -0.4651845946907997,
      "delta_std": 0.18106664276270248,
      "delta_min": -0.7226251512765884,
      "delta_max": -0.016546040773391724
    },
    "lpips": {
      "baseline_mean": 0.22124776244163513,
      "baseline_std": 0.07024457360636589,
      "lora_mean": 0.6740286886692047,
      "lora_std": 0.07370631027534216,
      "delta_mean": 0.4527809262275696,
      "delta_std": 0.10775702335765984,
      "delta_min": 0.2035570740699768,
      "delta_max": 0.6117935180664062
    },
    "meas_l2": {
      "baseline_mean": 478.73175659179685,
      "baseline_std": 2.0855035818896934,
      "lora_mean": 87095.884375,
      "lora_std": 18669.96067575566,
      "delta_mean": 86617.1526184082,
      "delta_std": 18670.205233784738,
      "delta_min": 65409.699157714844,
      "delta_max": 124828.18130493164
    }
  },
  "per_image": [
    {
      "image_idx": 0,
      "psnr_baseline": 23.239784240722656,
      "psnr_lora": 10.33057975769043,
      "psnr_delta": -12.909204483032227,
      "ssim_baseline": 0.33675631880760193,
      "ssim_lora": 0.3202102780342102,
      "ssim_delta": -0.016546040773391724,
      "lpips_baseline": 0.37485313415527344,
      "lpips_lora": 0.5784102082252502,
      "lpips_delta": 0.2035570740699768,
      "meas_l2_baseline": 477.41802978515625,
      "meas_l2_lora": 65887.1171875,
      "meas_l2_delta": 65409.699157714844
    },
    {
      "image_idx": 1,
      "psnr_baseline": 27.2086124420166,
      "psnr_lora": 9.31441879272461,
      "psnr_delta": -17.894193649291992,
      "ssim_baseline": 0.7199397087097168,
      "ssim_lora": 0.19427643716335297,
      "ssim_delta": -0.5256632715463638,
      "lpips_baseline": 0.15508480370044708,
      "lpips_lora": 0.731257438659668,
      "lpips_delta": 0.5761726349592209,
      "meas_l2_baseline": 478.6481628417969,
      "meas_l2_lora": 85934.6875,
      "meas_l2_delta": 85456.0393371582
    },
    {
      "image_idx": 2,
      "psnr_baseline": 29.86271858215332,
      "psnr_lora": 10.226507186889648,
      "psnr_delta": -19.636211395263672,
      "ssim_baseline": 0.8209331035614014,
      "ssim_lora": 0.4119862914085388,
      "ssim_delta": -0.40894681215286255,
      "lpips_baseline": 0.16727152466773987,
      "lpips_lora": 0.5639935731887817,
      "lpips_delta": 0.39672204852104187,
      "meas_l2_baseline": 476.13134765625,
      "meas_l2_lora": 69413.8671875,
      "meas_l2_delta": 68937.73583984375
    },
    {
      "image_idx": 3,
      "psnr_baseline": 27.499418258666992,
      "psnr_lora": 10.036022186279297,
      "psnr_delta": -17.463396072387695,
      "ssim_baseline": 0.7787565588951111,
      "ssim_lora": 0.17533306777477264,
      "ssim_delta": -0.6034234911203384,
      "lpips_baseline": 0.1663244068622589,
      "lpips_lora": 0.5996152758598328,
      "lpips_delta": 0.43329086899757385,
      "meas_l2_baseline": 478.02813720703125,
      "meas_l2_lora": 67896.0859375,
      "meas_l2_delta": 67418.05780029297
    },
    {
      "image_idx": 4,
      "psnr_baseline": 23.26937484741211,
      "psnr_lora": 8.910831451416016,
      "psnr_delta": -14.358543395996094,
      "ssim_baseline": 0.6894406676292419,
      "ssim_lora": 0.17526328563690186,
      "ssim_delta": -0.5141773819923401,
      "lpips_baseline": 0.23129801452159882,
      "lpips_lora": 0.6959025859832764,
      "lpips_delta": 0.46460457146167755,
      "meas_l2_baseline": 483.0194396972656,
      "meas_l2_lora": 84733.1875,
      "meas_l2_delta": 84250.16806030273
    },
    {
      "image_idx": 5,
      "psnr_baseline": 25.770320892333984,
      "psnr_lora": 7.565922737121582,
      "psnr_delta": -18.204398155212402,
      "ssim_baseline": 0.5904464721679688,
      "ssim_lora": 0.12746423482894897,
      "ssim_delta": -0.4629822373390198,
      "lpips_baseline": 0.30961936712265015,
      "lpips_lora": 0.6978880763053894,
      "lpips_delta": 0.38826870918273926,
      "meas_l2_baseline": 478.1624450683594,
      "meas_l2_lora": 125306.34375,
      "meas_l2_delta": 124828.18130493164
    },
    {
      "image_idx": 6,
      "psnr_baseline": 27.275283813476562,
      "psnr_lora": 7.785525798797607,
      "psnr_delta": -19.489758014678955,
      "ssim_baseline": 0.7900769710540771,
      "ssim_lora": 0.06745181977748871,
      "ssim_delta": -0.7226251512765884,
      "lpips_baseline": 0.18948739767074585,
      "lpips_lora": 0.713426947593689,
      "lpips_delta": 0.5239395499229431,
      "meas_l2_baseline": 476.10430908203125,
      "meas_l2_lora": 112762.4296875,
      "meas_l2_delta": 112286.32537841797
    },
    {
      "image_idx": 7,
      "psnr_baseline": 26.464954376220703,
      "psnr_lora": 9.101510047912598,
      "psnr_delta": -17.363444328308105,
      "ssim_baseline": 0.7321802377700806,
      "ssim_lora": 0.2086632251739502,
      "ssim_delta": -0.5235170125961304,
      "lpips_baseline": 0.19757699966430664,
      "lpips_lora": 0.8093705177307129,
      "lpips_delta": 0.6117935180664062,
      "meas_l2_baseline": 479.97772216796875,
      "meas_l2_lora": 89230.84375,
      "meas_l2_delta": 88750.86602783203
    },
    {
      "image_idx": 8,
      "psnr_baseline": 26.1793212890625,
      "psnr_lora": 8.802809715270996,
      "psnr_delta": -17.376511573791504,
      "ssim_baseline": 0.5723763704299927,
      "ssim_lora": 0.25151944160461426,
      "ssim_delta": -0.3208569288253784,
      "lpips_baseline": 0.2640039920806885,
      "lpips_lora": 0.7160946726799011,
      "lpips_delta": 0.45209068059921265,
      "meas_l2_baseline": 478.40673828125,
      "meas_l2_lora": 95255.90625,
      "meas_l2_delta": 94777.49951171875
    },
    {
      "image_idx": 9,
      "psnr_baseline": 28.047773361206055,
      "psnr_lora": 9.732105255126953,
      "psnr_delta": -18.3156681060791,
      "ssim_baseline": 0.8286665678024292,
      "ssim_lora": 0.2755589485168457,
      "ssim_delta": -0.5531076192855835,
      "lpips_baseline": 0.1569579839706421,
      "lpips_lora": 0.6343275904655457,
      "lpips_delta": 0.47736960649490356,
      "meas_l2_baseline": 481.4212341308594,
      "meas_l2_lora": 74538.375,
      "meas_l2_delta": 74056.95376586914
    }
  ]
}