{
  "lora_path": "results/dpo_ft_gaussian_blur/lora_final.pt",
  "num_images": 10,
  "aggregate": {
    "psnr": {
      "baseline_mean": 26.48175640106201,
      "baseline_std": 1.9366178993503362,
      "lora_mean": 9.160174226760864,
      "lora_std": 0.8997147182085622,
      "delta_mean": -17.32158217430115,
      "delta_std": 2.0063327773543262,
      "delta_min": -19.66886043548584,
      "delta_max": -12.943123817443848
    },
    "ssim": {
      "baseline_mean": 0.6859574109315872,
      "baseline_std": 0.14328495653836928,
      "lora_mean": 0.2249916449189186,
      "lora_std": 0.09267764204667941,
      "delta_mean": -0.4609657660126686,
      "delta_std": 0.18070031046224494,
      "delta_min": -0.7201398760080338,
      "delta_max": -0.012085974216461182
    },
    "lpips": {
      "baseline_mean": 0.22124767303466797,
      "baseline_std": 0.07024585830495832,
      "lora_mean": 0.6737542986869812,
      "lora_std": 0.07371946811857437,
      "delta_mean": 0.45250662565231325,
      "delta_std": 0.10751569397539643,
      "delta_min": 0.20629608631134033,
      "delta_max": 0.6157842725515366
    },
    "meas_l2": {
      "baseline_mean": 478.7317687988281,
      "baseline_std": 2.085516064295341,
      "lora_mean": 87732.7453125,
      "lora_std": 18744.39206853636,
      "delta_mean": 87254.01354370118,
      "delta_std": 18744.640634353396,
      "delta_min": 66074.55072021484,
      "delta_max": 125806.98596191406
    }
  },
  "per_image": [
    {
      "image_idx": 0,
      "psnr_baseline": 23.239768981933594,
      "psnr_lora": 10.296645164489746,
      "psnr_delta": -12.943123817443848,
      "ssim_baseline": 0.3367554843425751,
      "ssim_lora": 0.3246695101261139,
      "ssim_delta": -0.012085974216461182,
      "lpips_baseline": 0.374855101108551,
      "lpips_lora": 0.5811511874198914,
      "lpips_delta": 0.20629608631134033,
      "meas_l2_baseline": 477.41802978515625,
      "meas_l2_lora": 66551.96875,
      "meas_l2_delta": 66074.55072021484
    },
    {
      "image_idx": 1,
      "psnr_baseline": 27.2086124420166,
      "psnr_lora": 9.301575660705566,
      "psnr_delta": -17.907036781311035,
      "ssim_baseline": 0.7199392318725586,
      "ssim_lora": 0.2005414366722107,
      "ssim_delta": -0.5193977952003479,
      "lpips_baseline": 0.1550796627998352,
      "lpips_lora": 0.7287780046463013,
      "lpips_delta": 0.5736983418464661,
      "meas_l2_baseline": 478.64813232421875,
      "meas_l2_lora": 86360.8984375,
      "meas_l2_delta": 85882.25030517578
    },
    {
      "image_idx": 2,
      "psnr_baseline": 29.86272430419922,
      "psnr_lora": 10.193863868713379,
      "psnr_delta": -19.66886043548584,
      "ssim_baseline": 0.8209333419799805,
      "ssim_lora": 0.41217073798179626,
      "ssim_delta": -0.4087626039981842,
      "lpips_baseline": 0.16727164387702942,
      "lpips_lora": 0.5655803680419922,
      "lpips_delta": 0.39830872416496277,
      "meas_l2_baseline": 476.1313781738281,
      "meas_l2_lora": 70011.03125,
      "meas_l2_delta": 69534.89987182617
    },
    {
      "image_idx": 3,
      "psnr_baseline": 27.499425888061523,
      "psnr_lora": 10.005508422851562,
      "psnr_delta": -17.49391746520996,
      "ssim_baseline": 0.7787570357322693,
      "ssim_lora": 0.18230721354484558,
      "ssim_delta": -0.5964498221874237,
      "lpips_baseline": 0.16632506251335144,
      "lpips_lora": 0.5996235013008118,
      "lpips_delta": 0.4332984387874603,
      "meas_l2_baseline": 478.0281066894531,
      "meas_l2_lora": 68587.9140625,
      "meas_l2_delta": 68109.88595581055
    },
    {
      "image_idx": 4,
      "psnr_baseline": 23.269367218017578,
      "psnr_lora": 8.895276069641113,
      "psnr_delta": -14.374091148376465,
      "ssim_baseline": 0.6894408464431763,
      "ssim_lora": 0.1798063963651657,
      "ssim_delta": -0.5096344500780106,
      "lpips_baseline": 0.2312982678413391,
      "lpips_lora": 0.6973726749420166,
      "lpips_delta": 0.4660744071006775,
      "meas_l2_baseline": 483.01947021484375,
      "meas_l2_lora": 85241.4140625,
      "meas_l2_delta": 84758.39459228516
    },
    {
      "image_idx": 5,
      "psnr_baseline": 25.77031898498535,
      "psnr_lora": 7.557966709136963,
      "psnr_delta": -18.21235227584839,
      "ssim_baseline": 0.5904470682144165,
      "ssim_lora": 0.13450704514980316,
      "ssim_delta": -0.45594002306461334,
      "lpips_baseline": 0.30961957573890686,
      "lpips_lora": 0.6926707029342651,
      "lpips_delta": 0.3830511271953583,
      "meas_l2_baseline": 478.1624755859375,
      "meas_l2_lora": 126285.1484375,
      "meas_l2_delta": 125806.98596191406
    },
    {
      "image_idx": 6,
      "psnr_baseline": 27.275278091430664,
      "psnr_lora": 7.786586761474609,
      "psnr_delta": -19.488691329956055,
      "ssim_baseline": 0.7900781631469727,
      "ssim_lora": 0.0699382871389389,
      "ssim_delta": -0.7201398760080338,
      "lpips_baseline": 0.1894841343164444,
      "lpips_lora": 0.7117533683776855,
      "lpips_delta": 0.5222692340612411,
      "meas_l2_baseline": 476.10430908203125,
      "meas_l2_lora": 113200.609375,
      "meas_l2_delta": 112724.50506591797
    },
    {
      "image_idx": 7,
      "psnr_baseline": 26.46495819091797,
      "psnr_lora": 9.076315879821777,
      "psnr_delta": -17.38864231109619,
      "ssim_baseline": 0.732180118560791,
      "ssim_lora": 0.211033433675766,
      "ssim_delta": -0.521146684885025,
      "lpips_baseline": 0.19757618010044098,
      "lpips_lora": 0.8133604526519775,
      "lpips_delta": 0.6157842725515366,
      "meas_l2_baseline": 479.9777526855469,
      "meas_l2_lora": 89878.0859375,
      "meas_l2_delta": 89398.10818481445
    },
    {
      "image_idx": 8,
      "psnr_baseline": 26.1793155670166,
      "psnr_lora": 8.766963005065918,
      "psnr_delta": -17.412352561950684,
      "ssim_baseline": 0.5723759531974792,
      "ssim_lora": 0.2528865933418274,
      "ssim_delta": -0.31948935985565186,
      "lpips_baseline": 0.2640085518360138,
      "lpips_lora": 0.7166157960891724,
      "lpips_delta": 0.45260724425315857,
      "meas_l2_baseline": 478.40673828125,
      "meas_l2_lora": 96274.5234375,
      "meas_l2_delta": 95796.11669921875
    },
    {
      "image_idx": 9,
      "psnr_baseline": 28.047794342041016,
      "psnr_lora": 9.721040725708008,
      "psnr_delta": -18.326753616333008,
      "ssim_baseline": 0.8286668658256531,
      "ssim_lora": 0.2820557951927185,
      "ssim_delta": -0.5466110706329346,
      "lpips_baseline": 0.15695855021476746,
      "lpips_lora": 0.6306369304656982,
      "lpips_delta": 0.4736783802509308,
      "meas_l2_baseline": 481.4212951660156,
      "meas_l2_lora": 74935.859375,
      "meas_l2_delta": 74454.43807983398
    }
  ]
}